{"cameraMode":{"drawMode":0,"name":"Shaded","section":"Shading Mode"},"sceneLighting":true,"audioPlay":false,"sceneViewState":{"m_AlwaysRefresh":false,"showFog":true,"showSkybox":false,"showFlares":true,"showImageEffects":true,"showParticleSystems":true,"showVisualEffectGraphs":true,"m_FxEnabled":true},"in2DMode":false,"pivot":{"x":68.25836181640625,"y":3.1545324325561525,"z":0.8820416927337647},"rotation":{"x":-0.02345459721982479,"y":-0.6753620505332947,"z":0.021481890231370927,"w":-0.7368229031562805},"size":38.15324783325195,"orthographic":false}