{"cameraMode":{"drawMode":0,"name":"Shaded","section":"Shading Mode"},"sceneLighting":true,"audioPlay":false,"sceneViewState":{"m_AlwaysRefresh":false,"showFog":true,"showSkybox":false,"showFlares":true,"showImageEffects":true,"showParticleSystems":true,"showVisualEffectGraphs":true,"m_FxEnabled":true},"in2DMode":false,"pivot":{"x":-62.25621032714844,"y":-13.041479110717774,"z":1.4291071891784669},"rotation":{"x":-0.004458941984921694,"y":0.8347491025924683,"z":-0.006413926370441914,"w":-0.5507120490074158},"size":41.23112869262695,"orthographic":false}