{"cameraMode":{"drawMode":0,"name":"Shaded","section":"Shading Mode"},"sceneLighting":true,"audioPlay":false,"sceneViewState":{"m_AlwaysRefresh":false,"showFog":true,"showSkybox":false,"showFlares":true,"showImageEffects":true,"showParticleSystems":true,"showVisualEffectGraphs":true,"m_FxEnabled":true},"in2DMode":false,"pivot":{"x":5.949589729309082,"y":1.15535569190979,"z":-4.192667484283447},"rotation":{"x":-0.21163024008274079,"y":-0.024335714057087899,"z":0.005271542351692915,"w":-0.9770330190658569},"size":13.105966567993164,"orthographic":false}